,제목,브랜드,품번,시즌,성별,조회수(1개월),누적판매(1년),좋아요,별점,후기개수,태그,가격
0,와샤 나일론 스토퍼 밴딩 팬츠_IVORY,THEY,00000018,2022S/S, 남 ,,,7,4.9,후기 15개 보기,  #바지 #조거팬츠 #나일론바지 #나일론팬츠 #스토퍼조거팬츠  ,"27,358 ~ 29,900원"
1,Blue Side Line Pants,KAGAMI.L,Blue Side Line Pants,2020F/W, 여 ,200회 이상,50개 미만,544,5,후기 10개 보기,  #루즈핏 #루즈핏추리닝 #삥줄바지 #오버사이즈추리닝 #추리닝 #트레이닝바지  ,"73,108 ~ 79,900원"
2,Grey Scale Sweat Pants - Grey,COLDWARM,2021gssp,2021F/W, 남 ,,,37,3,후기 1개 보기,  #트레이닝바지 #트레이닝복 #스웻팬츠 #트레이닝 #조거팬츠 #밴딩팬츠  ,"76,032 ~ 79,200원"
3,에스닉 테잎 팬츠-블랙,OY,에스닉 테잎 팬츠-블랙,2021F/W, 남 ,,,32,,,  #밴딩팬츠 #트레이닝팬츠 #와이드팬츠 #팬츠 #OY  ,"94,245 ~ 103,000원"
4,COMBINE SHAPED COTTON PANTS - BLACK,ART OF FIELD,21W-PT003-BK,2021F/W, 남 ,,,18,4.8,후기 4개 보기,  #조거 #조거바지 #조거팬츠 #밴딩팬츠 #스트릿패션 #힙합  ,"99,735 ~ 109,000원"
5,AW PATCH SWEATPANTS_GY,AMES-WORLDWIDE,22SPBT01GY,2022S/S, 여 ,,,73,,,  #트레이닝바지 #밴딩팬츠 #조거 #조거팬츠 #팬츠 #스웻팬츠 #바지  ,"65,056 ~ 71,100원"
6,sadsmile cargo jogger pants_CQPAX22221BEX,CUSTOMELLOW,CQPAX22221BEX,2022S/S, 남 ,,,2,,,,"81,435 ~ 89,000원"
7,카고 면스판 조거팬츠_N221PT020P,NBA,N221PT020P-BLK,2022S/S, 남 ,,,11,5,후기 1개 보기,  #트레이닝바지 #트레이닝팬츠 #조거팬츠 #조거바지 #카고바지  ,"76,219 ~ 83,300원"
8,CU FRONT EMB SWEATPANTS 블랙,COLUMBIA UNIVERSITY,CIT1UPKL503-UBK,2022S/S, 남 ,,,12,,,  #컬럼비아유니버시티  ,"56,821 ~ 62,100원"
9,레이어 하이 슬랙스 베이지,RUNBLK,B-2102-PT-BE,2022ALL, 여 ,,,7,,,  #밴딩팬츠 #요가복바지 #와이드팬츠 #필라테스하의 #요가복하의 #요가바지  ,"23,635 ~ 29,000원"
10,루즈핏 조거팬츠 (QN122OFP25),LECOQ,QN122OFP25,2022S/S, 여 ,,,11,,,,"81,435 ~ 89,000원"
11,클래식 우븐 바지_N221PT131P,NBA,N221PT131P-LGE,2022S/S, 남 ,,,7,,,  #우븐팬츠 #조거팬츠 #트레이닝바지 #커플팬츠 #클래식  ,"108,885 ~ 119,000원"
12,HEAVY COTTON WIDE SWEATPANTS OATMEAL M,LAYER UNION,LU101OM,2022S/S, 남 여 ,,,16,4.9,후기 28개 보기,  #트레이닝바지 #스웨트팬츠 #츄리닝바지 #트레이닝팬츠 #조거팬츠 #밴딩팬츠 #조거  ,"51,286 ~ 56,050원"
13,리사이클 나이론 카고 조거 팬츠 (EARTH B),MANIAMASS,EARTH B,2022S/S, 남 ,,,18,4,후기 1개 보기,  #테크웨어 #카고조거팬츠 #조거팬츠 #친환경 #리사이클 #트레이닝팬츠 #밴딩팬츠  ,"69,814 ~ 76,300원"
14,19 엘리트 플리스 기모팬츠(네이비/네온그린),NINETY PLUS,19118,2022S/S, 남 ,,,5,5,후기 1개 보기,  #운동복 #트레이닝복 #츄리닝 #축구바지 #트레이닝하의 #츄리닝바지 #스포츠  ,"49,000원"
15,헤리티지 우븐 포켓 조거팬츠 블랙,FAMA COLLECTION,2022SSFAMA03,2022S/S, 남 여 ,,,45,4.6,후기 5개 보기,,"39,345 ~ 43,000원"
16,[NF] 일루소리 조거 스웻팬츠 (MELANGE)_F22QD310,NASTY FANCY CLUB,F22QD310GR,2022S/S, 여 ,200회 이상,,168,4.8,후기 42개 보기,  #밴딩팬츠 #트레이닝바지 #스웨트팬츠 #트레이닝팬츠 #조거바지 #트레이닝복 #스웻팬츠  ,"56,100원"
17,풀밴드 여성 조거팬츠 (BLACK),DISCOVERY EXPEDITION,DWPT41021-BKS,2022S/S, 여 ,,,13,5,후기 2개 보기,  #디스커버리 #조거팬츠 #여성조거팬츠 #밴드 #22S/S신상품 #우먼스컬렉션  ,"90,585 ~ 99,000원"
18,핀턱 스트링 스웻팬츠 옐로우,ZIDOK SEOUL,ZD21SSPT05YL,2021S/S, 여 ,,,26,,,  #트레이닝 #스웻팬츠 #스웨트팬츠 #오버핏 #와이드팬츠 #트레이닝바지 #트레이닝셋업  ,"45,458 ~ 47,600원"
19,페이스 프렌즈 자수 스웻팬츠_블랙,ITER,IIEAUST002BK,2022S/S, 남 여 ,200회 이상,,43,5,후기 5개 보기,  #스웻셔츠 #트레이닝팬츠 #팬츠 #스웻팬츠  ,"69,220 ~ 75,650원"
20,핀턱 스트링 스웻팬츠 블랙,ZIDOK SEOUL,ZD21SSPT05BK,2021S/S, 여 ,,,53,5,후기 1개 보기,  #조거팬츠 #트레이닝바지 #트레이닝팬츠 #스웻팬츠 #트레이닝셋업 #트레이닝세트 #스웨트팬츠  ,"45,458 ~ 47,600원"
21,베러 휴먼 셋업 스트레이트 스웻 팬츠 챠콜,PLAC,PWTT1PTL33MOCH,2022S/S, 남 ,,,17,,,  #스웻팬츠 #트레이닝셋업 #바지 #스웨트팬츠 #팬츠 #밴딩팬츠  ,"55,200원"
22,익스클루시브 엘리트핏 롱팬츠(블랙),NINETY PLUS,16144,2022S/S, 남 ,,50개 미만,72,5,후기 6개 보기,  #축구바지 #트레이닝하의 #츄리닝바지 #운동복 #트레이닝복 #스포츠웨어  ,"43,000원"
23,army logo sweat pants navy,UNIFORM BRIDGE,UB-2873,2022S/S, 남 ,200회 이상,,46,5,후기 2개 보기,  #조거팬츠 #스웻팬츠 #스웨트팬츠 #22SPRING  ,"61,415 ~ 71,000원"
24,컬러 트레이닝 팬츠 (M/GREY),DISCOVERY EXPEDITION,DXTP11021-MGL,2022S/S, 남 여 ,500회 이상,50개 미만,46,4.9,후기 11개 보기,  #디스커버리 #트레이닝 #트레이닝팬츠 #트레이닝바지 #22S/S신상품 #캐주얼컬렉션 #스웨트셋업  ,"90,585 ~ 99,000원"
25,남성 머슬레저 니트 조거 팬츠,DESCENTE,SN121TKP15,2021F/W, 남 ,,,4,,,  #남성머슬레저니트조거팬츠 #바지 #하의 #머슬레저  ,"118,035 ~ 129,000원"
26,MW201 pleats setup half pants navy,THE-ABON,434737,2021S/S, 여 ,,,58,,,,"43,005 ~ 47,000원"
27,카고 스탠다드 조거팬츠_BA4K15031KH,BORNHIKER,BA4K15031KH,2021S/S, 남 ,200회 이상,,42,5,후기 1개 보기,,"36,508 ~ 39,900원"
28,Half Jogger Sweatpants,LSD,2102LSDWPT001,2021S/S, 여 ,800회 이상,,23,,,,"109,800 ~ 120,000원"
29,크롬-R 가먼트다이 트랙팬츠 블랙,CP Company,10CMPA051A-005904G,병행수입, 남 ,,,10,,,,"256,895 ~ 269,000원"
30,INLU 슬림&스트레이트 지퍼팬츠,INSANE LUNATIC,INLUSSPZP202103271718,2021S/S, 남 ,,,11,,,  #트레이닝세트 #트레이닝팬츠 #트레이닝바지 #밴딩팬츠 #트레이닝 #조거 #조거팬츠  ,"24,000 ~ 25,000원"
31,베이직 테이프 롤업바지,ITOV,m1037_592972,2021S/S, 여 ,,,34,5,후기 2개 보기,  #팬츠 #바지  ,"40,717 ~ 44,500원"
32,로고 프린트 나일론 조거 팬츠 - 블랙 / WMK1TR02-3555,MOSCHINO,WMK1TR02-3555,2020S/S, 남 ,500회 이상,,20,,,  #로고프린트 #나일론 #트레이닝바지 #밴딩팬츠 #애슬레저  ,"383,900원"
33,카고 조거팬츠 223,SERO JEAN,223,2020F/W, 남 ,,,30,,,  #조거 #바지 #트레이닝 #팬츠 #조거팬츠 #밴딩팬츠  ,"69,540 ~ 76,000원"
34,스테이 컴포트 카고 팬츠-네이비,TENBLADE,tbk9010sp-navy,2021F/W, 남 ,,,8,4,후기 1개 보기,  #트레이닝팬츠 #바지 #조거 #조거바지 #팬츠 #셋업 #밴딩팬츠  ,"32,025 ~ 35,000원"
35,유니섹스 카고 스트링 조거 팬츠 네이비,ZCODE,1279737,2021F/W, 남 ,,,7,,,  #셋업팬츠 #트레이닝 #스웨트팬츠 #트레이닝팬츠 #스웻팬츠 #츄리닝바지 #조거바지  ,"50,599 ~ 55,300원"
36,MARITHE CREST LOGO SWEATPANTS black,MARITHE FRANCOIS GIRBAUD,0MG21FSP102,2021F/W, 여 ,100회 이상,,40,5,후기 1개 보기,  #조거  ,"118,035 ~ 129,000원"
37,여성 핏 테크 지퍼 팬츠 [스탠다드핏] 블랙 (BX1721R225),BROOKS,BX1721R225,2021F/W, 여 ,,,10,,,  #BX1721R225  ,"36,267 ~ 44,500원"
38,[헤비싱글] 카고 피그먼트 스웻팬츠-베이지,EASY NO EASY,enoe19,2021F/W, 남 ,,,26,,,  #스웨트팬츠 #카고조거 #스웻셋업 #스웻팬츠 #셋업 #조거팬츠 #트레이닝팬츠  ,"43,776 ~ 45,600원"
39,[US] 9oz Powerblend 카고 조거팬츠 (BLACK) CKPA1F611BK,CHAMPION,CKPA1F611BK,2021F/W, 남 ,300회 이상,50개 미만,103,5,후기 6개 보기,  #파워블랜드 #밴딩조거팬츠  ,"50,599 ~ 55,300원"
40,리버레이트 스웻 팬츠 라이트그레이,BEBUMS,BMS-03007-NVY,2021S/S, 남 ,,,13,,,,"63,409 ~ 69,300원"
41,탈색 타이다이 조거 팬츠 [블루],NEEDLE LINE,NL21SSPT01BL,2021S/S, 남 ,,,50,5,후기 2개 보기,  #조거바지 #조거팬츠 #타이다이팬츠 #타이다이 #밴딩팬츠 #바지 #팬츠  ,"72,285 ~ 79,000원"
42,AUTHENTIC TRACK PANTS(AUTHENTIC GREEN),FREI,ATPT04,2021S/S, 남 ,,,26,,,  #트랙팬츠 #트레이닝 #트레이닝바지 #트레이닝팬츠 #밴딩팬츠 #긴바지 #트레이닝세트  ,"48,495 ~ 53,000원"
43,ARTWORK JERSEY JOGGER PANTS WHITE,SIERO,SH3TSF972WH,2021S/S, 여 ,200회 이상,,315,5,후기 1개 보기,  #트레이닝바지 #조거팬츠 #스웨트팬츠 #밴딩팬츠 #이지웨어 #팬츠  ,"101,748 ~ 111,200원"
44,리버시블 클래식 스웨트 팬츠 [멜란지그레이+네이비],JMK,P210101,, 남 ,,,33,,,  #트레이닝복 #트레이닝팬츠 #밴딩팬츠 #조거팬츠 #조거 #트레이닝세트 #스웨트팬츠  ,"22,783 ~ 24,900원"
45,라이프 스웨트 조거팬츠_다크그레이,LIFE,LFA211XJG01LF31,2021S/S, 남 ,700회 이상,,75,4.7,후기 14개 보기,  #스웨트팬츠 #조거팬츠 #트레이닝세트 #조거 #트레이닝바지 #유틸리티 #패키지  ,"35,685 ~ 39,000원"
46,오리지널 유니크 우븐팬츠(W)MP-X111,PROSPECS,PW3MP21X111,2021S/S, 남 ,,,14,,,,"59,500원"
47,젠사이 조거 데님 블랙,ZENSAI,ZAC3PT311BK,2021F/W, 여 ,,,5,,,,"182,085 ~ 199,000원"
48,[2월3일순차출고] 체크 밴딩 슬랙스 [NAVY] / S22A07003,GENERALIDEA STANDARD,S22A07003NA,2022S/S, 여 ,,,36,5,후기 1개 보기,,"33,855 ~ 37,000원"
49,(22SS) 로고 테잎 트랙 팬츠 크림,NERDY,PNES22KB0102,2022S/S, 남 ,,,57,5,후기 1개 보기,,"72,285 ~ 79,000원"
50,킹크로치 코팅 조거 팬츠,KING KROACH,KKCJPT1,, 남 ,,,25,5,후기 3개 보기,  #조거 #팬츠 #조거팬츠 #바지 #밴딩팬츠 #코팅진  ,"136,335 ~ 149,000원"
51,22SS 와펜 트레이닝 바지 멜란지그레이761564551,STONE ISLAND,761564551 V0M64,병행수입, 남 ,100회 이상,,7,,,  #761564551V0M64 #64551 #스톤트레이닝  ,"450,000원"
52,MEN 기능성 나일론 와이드 조거팬츠 트레이닝 바지[GRAY] 밴딩 ver.,KOLEAT,M_NLJP_GR,2022S/S, 남 ,,,44,4,후기 2개 보기,  #조거팬츠 #카고조거팬츠 #슬랙스 #나일론팬츠 #기능성바지 #와이드슬랙스 #트레이닝바지  ,"47,580 ~ 52,000원"
53,드라이 핏 아카데미21 팬츠 (블랙),NIKE,CW6123-010,병행수입, 남 ,,,37,3.8,후기 5개 보기,  #바지 #트레이닝복 #트레이닝바지 #조거팬츠 #트레이닝 #밴딩팬츠 #팬츠  ,"65,500원"
54,[퍼플]22SS BOOTSCUT TRACK PANTS BLACK,BESLOW,BSLP22SBCTRPABK,2022S/S, 남 ,,,38,4.6,후기 5개 보기,  #트레이닝세트 #밴딩팬츠 #트레이닝 #트레이닝팬츠 #트레이닝바지  ,"87,108 ~ 95,200원"
55,헤비 나일론 B.D.U 카고팬츠 (그레이),HAVEOFFDUTY,HOD22SSHNBPT002,2022S/S, 남 ,,,19,,,  #조거팬츠 #와이드팬츠 #카고팬츠 #바지 #팬츠 #트레이닝바지 #카고바지  ,"159,210 ~ 174,000원"
56,사이드 포켓 스웨트 조거팬츠_그레이,JERSEY FACTORY,조거팬츠,2022S/S, 남 ,300회 이상,,74,,,,"85,440 ~ 89,000원"
57,카고조거팬츠 베이지,TENER,0,2021F/W, 남 ,,,1,,,  #조거팬츠 #조거바지 #밴딩팬츠 #카고팬츠 #카고조거팬츠 #카고바지 #카고조거  ,"52,155 ~ 57,000원"
58,[UNISEX] ORIGINAL TRACK PT_BLUE,SEARCH410,20200011301,2020S/S, 남 ,,,45,4.7,후기 13개 보기,  #바지 #스웨트팬츠 #스웻팬츠 #조거팬츠 #트랙팬츠 #트레이닝 #팬츠  ,"37,789 ~ 41,300원"
59,스티치 디테일 네이비 블루 팬츠,BLANKBRICK,B20-PT0200,2020S/S, 남 ,,,9,5,후기 1개 보기,  #바지 #스티치 #아웃포켓 #팬츠  ,"40,032 ~ 41,700원"
60,Bondage Double Knee Pants - Black,LORES,LOR20SXPT0001BK,2020S/S, 남 ,,,23,,,  #바지 #PANTS  ,"53,116 ~ 58,050원"
61,팜 트리 워터 팬츠_블루,COUCOU,CC_19SS,, 남 ,,,53,2,후기 2개 보기,  #긴바지 #면바지 #워터팬츠 #트레이닝  ,"21,900원"
62,WARM UP TRACK PANTS [NAVY],5252BYOIOI,21SP_74,2021S/S, 여 ,,,78,5,후기 1개 보기,  #트레이닝 #팬츠 #트레이닝복 #바지 #트랙팬츠  ,"81,435 ~ 89,000원"
63,여성 슬림 웜업팬츠-AAZG7221B0L,CHASECULT,AAZG7221B0L,2021S/S, 여 ,,,13,4.9,후기 19개 보기,,"14,304 ~ 14,900원"
64,Mosaic Pants_2color,PLASMA SPHERE,PS21SSPT01,2021S/S, 여 ,,,87,,,  #조거팬츠 #바지 #주름 #트위드 #밴딩팬츠 #배색 #광택  ,"35,868 ~ 39,200원"
65,나일론 트랙팬츠 카키,KIMYUNG,pt05,2020F/W, 남 ,,,36,4.7,후기 147개 보기,  #조거팬츠 #트랙팬츠 #밴딩팬츠 #조거 #트레이닝 #트레이닝팬츠 #카고팬츠  ,"75,264 ~ 78,400원"
66,NOI121 스테인 다잉 스웨트 조거 팬츠 (그린),NOIAGO,NOI121,2020ALL, 여 ,400회 이상,,143,4,후기 1개 보기,  #카고팬츠 #조거팬츠 #조거 #트레이닝 #스웻팬츠 #트레이닝바지 #스웨트팬츠  ,"59,000원"
67,VELOUR RELAXED PANTS MOCHA,VERSE ONE,V2007PT01DB,2020F/W, 남 ,300회 이상,,289,5,후기 1개 보기,  #벨루어 #벨벳 #트레이닝팬츠 #벌스원바지 #남자바지 #여자바지  ,"87,108 ~ 95,200원"
68,쁘띠 레터링 스위치 벨버틈팬츠,SWITCH123,SUF3PT52PK,2020F/W, 여 ,,,31,,,  #스웻팬츠 #트레이닝바지 #스웨트팬츠 #밴딩팬츠 #트레이닝팬츠 #트레이닝 #팬츠  ,"30,336 ~ 31,600원"
69,Hoxton Line Track Pants warm grey,LORD JOHN GREY,L20CPT121A,2020F/W, 남 ,,,30,4,후기 1개 보기,,"66,612 ~ 72,800원"
70,TIGRIS WIDE CROP PANTS BLACK,MOVINS.R,FW-LB-CP-KH,, 남 ,,,3,,,  #기모팬츠 #와이드팬츠 #크롭팬츠 #트레이닝  ,"141,825 ~ 155,000원"
71,더블피케 R라쿠 조거팬츠(멜란지그레이),TAKEASY,T22PT002,2022S/S, 남 ,300회 이상,,29,4.8,후기 6개 보기,  #조거트레이닝 #조거팬츠 #트레이닝팬츠 #조거바지 #밴딩팬츠 #스웨트팬츠 #스웻팬츠  ,"35,868 ~ 39,200원"
72,사이드 지퍼 스웻 팬츠 토프,ROARINGRAD,RR64,2021F/W, 남 ,,,8,5,후기 1개 보기,  #지퍼팬츠 #트레이닝바지 #트레이닝팬츠 #조거팬츠 #스웻팬츠 #카고팬츠 #사이드지퍼  ,"70,272 ~ 76,800원"
73,WHO KNOWS BOBSLEIGH PANTS - MELANGE GREY,GOALSTUDIO,G1WPT101,2021F/W, 남 여 ,200회 이상,,62,4.5,후기 4개 보기,  #스웻 #셋업 #트레이닝세트 #그래픽 #와이드 #스웨트팬츠 #루즈핏 #레귤러  ,"47,520 ~ 49,500원"
74,WHO KNOWS BOBSLEIGH PANTS - NAVY,GOALSTUDIO,G1WPT101,2021F/W, 남 여 ,500회 이상,,74,4.5,후기 4개 보기,  #루즈핏 #트레이닝세트 #셋업 #스웨트팬츠 #그래픽 #스웻 #와이드 #레귤러  ,"47,520 ~ 49,500원"
75,더블 프론트 팬츠 - 블랙 / FW21-04-02A,IISE,FW21-04-02A,2021F/W, 남 ,100회 이상,,12,5,후기 2개 보기,  #더블프론트 #남자바지 #남성바지 #블랙 #스트레이트 #21FW #FINALSALE  ,"178,489 ~ 186,900원"
76,Y2K 벨루아 슬릿 팬츠 핑크,HIGH SCHOOL DISCO,21fw_07,2021F/W, 여 ,1천 회 이상,,320,4.8,후기 18개 보기,  #트레이닝바지 #밴딩팬츠 #스웻팬츠 #트랙팬츠 #트레이닝팬츠 #와이드팬츠  ,"48,600원"
77,Y2K 벨루아 슬릿 팬츠 차콜,HIGH SCHOOL DISCO,21fw_08,2021F/W, 여 ,700회 이상,,287,4.8,후기 18개 보기,  #트레이닝바지 #밴딩팬츠 #스웻팬츠 #트랙팬츠 #트레이닝팬츠 #와이드팬츠  ,"48,600원"
78,트럭 팬츠 보아 플리스 Olive,GRAMICCI,GUP-21F072,2021F/W, 남 ,,,19,4.7,후기 3개 보기,  #트럭팬츠 #밴딩바지 #조거팬츠 #보아 #플리스  ,"115,839 ~ 126,600원"
79,우먼즈 르 리스 자수 조거팬츠 멜란그레이(FCB3PT373W),FABULOUS ARCHIVE,FCB3PT373W_MGR,100회이상, 여 ,100회 이상,,104,5,후기 1개 보기,  #조거팬츠 #추리닝 #트레이닝팬츠 #조거바지 #스웻팬츠 #트레이닝바지 #밴딩팬츠  ,"53,088 ~ 55,300원"
80,우먼즈 르 리스 자수 조거팬츠 아이보리(FCB3PT372W),FABULOUS ARCHIVE,FCB3PT372W_IV,, 여 ,,,80,5,후기 7개 보기,  #조거팬츠 #추리닝 #트레이닝팬츠 #조거바지 #스웻팬츠 #트레이닝바지 #밴딩팬츠  ,"53,088 ~ 55,300원"
81,벨루아 사이드 트리밍 팬츠 KA [브라운],KIRSH,FKPWCPT501M,2021F/W, 여 ,500회 이상,,193,5,후기 2개 보기,  #밴딩팬츠 #트레이닝팬츠 #조거팬츠 #와이드팬츠 #스웻팬츠 #트레이닝 #셋업  ,"85,680 ~ 89,250원"
82,STPT313NVX Storm Basic Sweat Pants (tie-dying),STORM LONDON,STPT313NVX,2021F/W, 남 ,,,30,,,  #바지 #팬츠 #캐주얼팬츠 #타이다이 #물나염 #스웻팬츠 #팬츠추천  ,"135,420 ~ 148,000원"
83,wrinkle nylon pants black,VLDS,21FW16,2021F/W, 남 ,,,8,,,  #트레이닝세트 #트레이닝 #밴딩팬츠 #트레이닝팬츠 #조거팬츠 #스웨트팬츠 #팬츠  ,"71,370 ~ 78,000원"
84,tiedie nylon pants,VLDS,21FW17,2021F/W, 남 ,,,30,,,  #트레이닝세트 #트레이닝 #밴딩팬츠 #트레이닝팬츠 #조거팬츠 #스웨트팬츠 #팬츠  ,"71,370 ~ 78,000원"
85,[IPT006-13]벨로아 글리터 로고 와이드 팬츠-노랑,ITZAVIBE,IPT006-13,2021F/W, 여 ,,,139,,,  #트레이닝바지 #트레이닝팬츠 #트레이닝 #긴바지 #팬츠 #와이드팬츠 #셋업  ,"80,640 ~ 84,000원"
86,유니섹스 스웻 무지 조거팬츠 IRB043 브라운,IRONYPORNO WHITELINE,IRB043,2021F/W, 남 여 ,200회 이상,,30,4.8,후기 14개 보기,  #조거팬츠 #트레이닝 #긴바지 #바지 #팬츠 #조거 #밴딩팬츠  ,"21,900원"
87,스플릿 라인 투웨이 조거 팬츠 [블랙],BETWEEN A AND B,AB3YPT01BK,2021F/W, 여 ,,,27,5,후기 1개 보기,  #조거바지 #트레이닝팬츠 #조거팬츠 #스웨트팬츠 #밴딩팬츠 #트레이닝세트 #스웻팬츠  ,"72,580 ~ 76,000원"
88,볼프렌즈 후드 자켓_EL3UBJK213,ELLESSE,1549693,2022S/S, 남 ,,,0,,,,"95,400원"
89,우먼 스몰 체리 코튼 팬츠 KA [블랙],KIRSH,FKPWCPC520M,2021F/W, 여 ,500회 이상,,71,3,후기 1개 보기,,"59,808 ~ 62,300원"
90,레이어 하이 슬랙스 베이지,RUNBLK,B-2102-PT-BE,2022ALL, 여 ,,,7,,,  #밴딩팬츠 #요가복바지 #와이드팬츠 #필라테스하의 #요가복하의 #요가바지  ,"23,635 ~ 29,000원"
91,루즈핏 조거팬츠 (QN122OFP25),LECOQ,QN122OFP25,2022S/S, 여 ,,,11,,,,"81,435 ~ 89,000원"
92,클래식 우븐 바지_N221PT131P,NBA,N221PT131P-LGE,2022S/S, 남 ,,,7,,,  #우븐팬츠 #조거팬츠 #트레이닝바지 #커플팬츠 #클래식  ,"108,885 ~ 119,000원"
93,HEAVY COTTON WIDE SWEATPANTS OATMEAL M,LAYER UNION,LU101OM,2022S/S, 남 여 ,,,16,4.9,후기 28개 보기,  #트레이닝바지 #스웨트팬츠 #츄리닝바지 #트레이닝팬츠 #조거팬츠 #밴딩팬츠 #조거  ,"51,286 ~ 56,050원"
94,리사이클 나이론 카고 조거 팬츠 (EARTH B),MANIAMASS,EARTH B,2022S/S, 남 ,,,18,4,후기 1개 보기,  #테크웨어 #카고조거팬츠 #조거팬츠 #친환경 #리사이클 #트레이닝팬츠 #밴딩팬츠  ,"69,814 ~ 76,300원"
95,19 엘리트 플리스 기모팬츠(네이비/네온그린),NINETY PLUS,19118,2022S/S, 남 ,,,5,5,후기 1개 보기,  #운동복 #트레이닝복 #츄리닝 #축구바지 #트레이닝하의 #츄리닝바지 #스포츠  ,"49,000원"
96,4-WAY 스트레치 트레이닝 팬츠(SET)_Cinder,K2,KMM22325C7,2022S/S, 남 ,,,1,,,,"107,100 ~ 119,000원"
97,army logo sweat pants navy,UNIFORM BRIDGE,UB-2873,2022S/S, 남 ,200회 이상,,46,5,후기 2개 보기,  #조거팬츠 #스웻팬츠 #스웨트팬츠 #22SPRING  ,"61,415 ~ 71,000원"
98,컬러 트레이닝 팬츠 (M/GREY),DISCOVERY EXPEDITION,DXTP11021-MGL,2022S/S, 남 여 ,500회 이상,50개 미만,46,4.9,후기 11개 보기,  #디스커버리 #트레이닝 #트레이닝팬츠 #트레이닝바지 #22S/S신상품 #캐주얼컬렉션 #스웨트셋업  ,"90,585 ~ 99,000원"
99,남성 머슬레저 니트 조거 팬츠,DESCENTE,SN121TKP15,2021F/W, 남 ,,,4,,,  #남성머슬레저니트조거팬츠 #바지 #하의 #머슬레저  ,"118,035 ~ 129,000원"
100,헤리티지 우븐 포켓 조거팬츠 블랙,FAMA COLLECTION,2022SSFAMA03,2022S/S, 남 여 ,,,45,4.6,후기 5개 보기,,"39,345 ~ 43,000원"
101,[NF] 일루소리 조거 스웻팬츠 (MELANGE)_F22QD310,NASTY FANCY CLUB,F22QD310GR,2022S/S, 여 ,200회 이상,,168,4.8,후기 42개 보기,  #밴딩팬츠 #트레이닝바지 #스웨트팬츠 #트레이닝팬츠 #조거바지 #트레이닝복 #스웻팬츠  ,"56,100원"
102,풀밴드 여성 조거팬츠 (BLACK),DISCOVERY EXPEDITION,DWPT41021-BKS,2022S/S, 여 ,,,13,5,후기 2개 보기,  #디스커버리 #조거팬츠 #여성조거팬츠 #밴드 #22S/S신상품 #우먼스컬렉션  ,"90,585 ~ 99,000원"
103,핀턱 스트링 스웻팬츠 옐로우,ZIDOK SEOUL,ZD21SSPT05YL,2021S/S, 여 ,,,26,,,  #트레이닝 #스웻팬츠 #스웨트팬츠 #오버핏 #와이드팬츠 #트레이닝바지 #트레이닝셋업  ,"45,458 ~ 47,600원"
104,페이스 프렌즈 자수 스웻팬츠_블랙,ITER,IIEAUST002BK,2022S/S, 남 여 ,200회 이상,,43,5,후기 5개 보기,  #스웻셔츠 #트레이닝팬츠 #팬츠 #스웻팬츠  ,"69,220 ~ 75,650원"
105,핀턱 스트링 스웻팬츠 블랙,ZIDOK SEOUL,ZD21SSPT05BK,2021S/S, 여 ,,,53,5,후기 1개 보기,  #조거팬츠 #트레이닝바지 #트레이닝팬츠 #스웻팬츠 #트레이닝셋업 #트레이닝세트 #스웨트팬츠  ,"45,458 ~ 47,600원"
106,베러 휴먼 셋업 스트레이트 스웻 팬츠 챠콜,PLAC,PWTT1PTL33MOCH,2022S/S, 남 ,,,17,,,  #스웻팬츠 #트레이닝셋업 #바지 #스웨트팬츠 #팬츠 #밴딩팬츠  ,"55,200원"
107,익스클루시브 엘리트핏 롱팬츠(블랙),NINETY PLUS,16144,2022S/S, 남 ,,50개 미만,72,5,후기 6개 보기,  #축구바지 #트레이닝하의 #츄리닝바지 #운동복 #트레이닝복 #스포츠웨어  ,"43,000원"
108,LOGO BANDING SWEAT PANTS GREY,23.65,14615807,2022S/S, 남 ,,,34,,,,"44,835 ~ 49,000원"
109,MRP044B 스웻 코튼 밴딩 웨이스트 코리안 조거 팬츠(콘크리트),RAW TO RAW,MRP044BGR,2021F/W, 남 ,,,2,,,  #밴딩팬츠 #트레이닝팬츠 #츄리닝 #스웨트팬츠 #조거팬츠 #트랙팬츠 #스웻팬츠  ,"144,570 ~ 158,000원"
110,카고 조거 팬츠 -BK,FLASK,MPT1,2021S/S, 남 ,,,19,5,후기 2개 보기,  #팬츠 #밴딩팬츠 #조거 #조거팬츠 #바지 #카고팬츠 #카고바지  ,"44,743 ~ 48,900원"
111,Jersey Pants [navy],YEAH,Yh-SS21JS01NV,2022S/S, 남 ,,,2,,,  #캐주얼팬츠 #면팬츠 #면바지 #밴딩팬츠 #코튼팬츠  ,"89,670 ~ 98,000원"
112,SA 테크 포켓 조거 팬츠,SMITH ARMOR,18fw_p1,2018F/W, 남 ,,,11,4,후기 2개 보기,  #조거팬츠 #카고조거팬츠 #테크웨어 #테크팬츠  ,"65,880 ~ 72,000원"
113,CORDUROY PANTS - GY,OY,CORDUROY PANTS - GY,2018F/W, 남 ,,,37,5,후기 3개 보기,  #오와이 #조거팬츠 #코듀로이 #코듀로이팬츠 #OY  ,"78,690 ~ 86,000원"
114,백포켓 트레이닝팬츠 파랑 KHLP6113,PUNCHLINE,1723086,2019S/S, 남 ,,,8,4.9,후기 25개 보기,  #루즈핏팬츠 #트레이닝 #트레이닝바지 #트레이닝팬츠 #팬츠  ,"25,400원"
115,셔링 디테일 조거 팬츠,A;UFSTAND,aup4003,2019S/S, 남 ,,,21,,,  #조거팬츠 #팬츠  ,"125,355 ~ 137,000원"
116,옆선 테이핑 조거 트랙팬츠,BEMIGHTY,BCS-PU22,2019S/S, 남 ,,,23,4.7,후기 3개 보기,,"44,835 ~ 49,000원"
117,카모 드롭 크로치 조거,HYPER DENIM,HD106,2019S/S, 남 ,200회 이상,,32,4.2,후기 13개 보기,,"18,900원"
118,LINEN VELCRO CARGO JOGGER PANTS BLUE 린넨 벨크로 카고조거팬츠 블루,LAUL,LAUL-309,2019S/S, 남 ,100회 이상,,36,5,후기 1개 보기,  #린넨조거 #린넨카고 #벨크로카고 #카고조거  ,"113,643 ~ 124,200원"
119,유니섹스 밴딩 프리미엄 워싱 면 트레이닝 조거팬츠_딥블루,ACHO,P 2001,2020S/S, 여 ,200회 이상,,55,5,후기 1개 보기,  #남자조거팬츠 #딥블루조거팬츠 #면 #여자조거팬츠 #조거팬츠 #커플조거팬츠 #트레이닝  ,"27,267 ~ 29,800원"
120,Utility Cargo Pants - Black,LORES,LOR20SXPT0002BK,2020S/S, 남 ,,,40,5,후기 1개 보기,  #바지 #PANTS  ,"44,881 ~ 49,050원"
121,LINEN CARGO JOGGER (SAND BEIGE),VERYVAIN,vvain_386,2020S/S, 남 ,,,20,5,후기 3개 보기,  #린넨 #조거 #트레이닝 #팬츠  ,"44,455 ~ 46,550원"
122,1ST CAMO STRETCH TRACK PANTS,BAPE,BP2007259,, 남 ,,,7,,,,"498,000원"
123,와이드 하이웨스트 트레이닝 트랙팬츠 블랙,AVAN,Al-009,2020S/S, 여 ,,,20,,,  #시원한여름바지 #여름와이드팬츠 #와이드밴딩팬츠 #타이다이팬츠 #트레이닝팬츠 #편한바지 #하이웨스트와이드팬츠  ,"50,325 ~ 55,000원"
124,백바택 포인트 코팅스트랩 조거팬츠 크림,SAINTCREW,BB-303J,ALLALL, 남 ,100회 이상,,47,5,후기 4개 보기,  #바지 #조거 #조거바지 #조거팬츠 #크림 #크림팬츠 #팬츠  ,"57,120 ~ 59,500원"
125,RC pocket jogger pants (cobalt blue),REPLAY CONTAINER,52,2019F/W, 남 ,,,17,,,  #리컨 #리컨테이너 #조거  ,"29,280 ~ 32,000원"
126,rk hanbok se pants black 와이드 팬츠,REIKU,RK_P02,2019F/W, 남 ,,,48,5,후기 2개 보기,  #와이드팬츠 #통바지 #트레이닝 #한복 #셋업  ,"52,155 ~ 57,000원"
127,사이드 배색 레터링 나염 레드 라인 조거팬츠[BLACK],BAUST,BMBT-19002BK,2019F/W, 여 ,,,26,3.7,후기 3개 보기,  #조거 #조거팬츠 #트랙팬츠 #트레이닝팬츠 #트레이닝바지 #힙합 #애슬레저룩  ,"53,070 ~ 58,000원"
128,sj 린넨 조거팬츠 레드,CHOOMSUN,bt002,2020S/S, 여 ,,,28,,,  #댄스바지 #여자바지 #조거팬츠 #트렉팬츠  ,"44,835 ~ 49,000원"
129,투톤 카고 조거 팬츠 블랙,LIBERTENG,2025,2020S/S, 남 ,,,31,4,후기 2개 보기,  #바지 #조거 #조거카고 #카고조거팬츠 #트랙팬츠 #팬츠  ,"37,920 ~ 39,500원"
130,사이드 테잎 카고 조거 팬츠 챠콜,MSKN2ND,M19CPT-001-CC,2019F/W, 남 ,,,34,4,후기 1개 보기,  #밴딩팬츠 #죠거팬츠 #트레이닝팬츠  ,"54,087 ~ 59,600원"
131,이지 스판 조거 차콜,TRMARK,EASY SPAN JOGGER CHARCOAL,2020S/S, 남 ,,,21,3.5,후기 2개 보기,  #바지 #스판 #여름조거 #조거 #조거팬츠  ,"51,900원"
132,남성 오리진 스냅 팬츠(블랙)_EK2MHSP739,ELLESSE,1150282,2020S/S, 남 ,,,3,,,,"30,178 ~ 31,600원"
133,벨티드 조거 팬츠 (미드나잇카키),BEBUMS,BMS-03007-KHK,2020S/S, 남 ,,,8,,,,"85,680 ~ 89,250원"
134,TRACK PANTS_GREY,GOZER,GOZER20SF066,2020S/S, 남 ,200회 이상,,37,,,  #트랙팬츠  ,"90,585 ~ 99,000원"
135,BIG LOGO EMBO PANTS FOR MEN DARK RED,ACME DE LA VIE,ADLV-20SS-PTSMBE-DRD,2020S/S, 남 ,,,100,4.5,후기 2개 보기,  #바지 #조거팬츠  ,"90,585 ~ 99,000원"
136,시어서커 조거 팬츠,REVOIRSIS,RESORT20PT8W,2020S/S, 여 ,,,19,,,  #조거팬츠 #시어서커조거팬츠 #루즈핏팬츠 #라운지룩  ,"138,165 ~ 151,000원"
137,쁘띠 조거 팬츠,SWITCH123,SUF2PT52SB,2020F/W, 여 ,100회 이상,,47,5,후기 2개 보기,,"31,567 ~ 34,500원"
138,GLW 트레이닝 스트링 팬츠  블랙,GLW,1323666,2021F/W, 남 ,200회 이상,,44,4.5,후기 8개 보기,  #트레이닝팬츠 #스트링 #아노락 #츄리닝 #카고바지 #트레이닝세트 #츄리닝세트  ,"35,868 ~ 39,200원"
139,Tech Logo Jogger Pants_Cream,KARAWAY,k-pf-01,2019F/W, 남 ,,,17,,,  #조거팬츠 #트레이닝  ,"43,900원"
140,Basrak Jogger Pants (L.Beige),BRUMAN,20ss302LB,2020S/S, 남 ,400회 이상,,25,4.3,후기 4개 보기,  #이지팬츠 #조거팬츠 #코튼팬츠  ,"56,160 ~ 58,500원"
141,그레노블 로고 2A60040 5399D 999 남자 트랙 팬츠,MONCLER,2A60040 5399D 999,병행수입, 남 ,,,3,,,  #럭스보이 #위즈컴퍼니  ,"320,000원"
142,[Easy Zipup] 여성 트레이닝 세트 하의 블랙 (BX0921R235),BROOKS,BX0921R235,2020ALL, 여 ,,,8,,,  #BX0921R235 #바지단품  ,"40,050 ~ 44,500원"
143,POCKET DETAIL SWEATPANTS - CHARCOAL,I AM NOT A HUMAN BEING,H2B9035,2020F/W, 남 ,200회 이상,,28,4.9,후기 14개 보기,  #트레이닝바지 #트레이닝팬츠 #바지 #팬츠 #데일리 #카고조거팬츠 #무지  ,"68,625 ~ 75,000원"
144,스티치자수 플리스 팬츠 (브라운),SLOW ACID,20FW-P3-BN,2020F/W, 남 ,,,100,4.7,후기 19개 보기,  #세미와이드 #와이드 #트레이닝세트 #밴딩팬츠 #플리스 #바지 #일자  ,"29,737 ~ 32,500원"
145,워싱 코튼 와이드 스트링팬츠 (잔가지 그레이),SLOW ACID,20FW-P4-GY,2020F/W, 남 ,,,68,4.1,후기 8개 보기,  #와이드 #일자 #팬츠 #밴딩팬츠  ,"35,685 ~ 39,000원"
146,Basic Jogger Pants White Lettering - Black,RA_ON,00014,2020F/W, 여 ,,,8,,,  #조거팬츠 #조거 #캐주얼팬츠 #밴딩팬츠 #바지 #팬츠 #카고조거  ,"72,285 ~ 79,000원"
147,[Easy Zipup] 여성 기모 트레이닝 세트 조거형 하의 블랙 (BX0X21S235),BROOKS,BX0X21S235,2020F/W, 여 ,,,9,,,  #BX0X21S235 #바지  ,"43,521 ~ 53,400원"
148,Pattern Jogger Pants,THE GREATEST,GT20FW10,2020F/W, 남 ,,,22,5,후기 1개 보기,  #트레이닝 #트랙팬츠 #조거 #조거팬츠 #밴딩팬츠 #트레이닝팬츠 #트레이닝바지  ,"66,795 ~ 73,000원"
149,[UNISEX] 세미와이드 카고조거 슬랙스_라이트그레이,THAT'S IT,200107,2020F/W, 남 ,400회 이상,50개 미만,173,4.6,후기 31개 보기,  #조거팬츠 #카고팬츠 #트랙팬츠 #조거 #조거슬랙스 #카고조거  ,"28,554 ~ 29,900원"
150,LEATHER PATCH STRING JOGGER PANTS,COMFY,m1037_479509,2020F/W, 여 ,,,7,,,  #팬츠 #바지 #조거팬츠 #하의 #가죽 #레더  ,"93,696 ~ 102,400원"
151,오리엔탈 조거팬츠 레귤러핏 카키,SAINTCREW,OT-307J,ALLALL, 남 ,100회 이상,,16,4.6,후기 28개 보기,  #조거 #밴딩팬츠 #바지 #팬츠 #캐주얼팬츠 #조거팬츠  ,"44,377 ~ 48,500원"
152,MONOGRAM LOUNGE PANTS (BLACK),INPREP,IPFW21PT02,2021F/W, 여 ,,,165,5,후기 2개 보기,  #트레이닝팬츠 #스웨트팬츠 #바지 #트레이닝바지 #팬츠 #루즈핏 #밴딩팬츠  ,"72,285 ~ 79,000원"
153,[UNISEX] KNIT WAFFLE WIDE PT_WHITEGRAY,SEARCH410,20210030401,2021F/W, 여 ,,,129,4.4,후기 14개 보기,  #팬츠 #스웻팬츠 #트레이닝바지 #스웨트팬츠 #와플 #와플팬츠 #와이드팬츠 #와이드  ,"60,939 ~ 66,600원"
154,multy pocket pants khaki,UNIFORM BRIDGE,UB-2746,2021F/W, 남 ,900회 이상,50개 이상,342,4.7,후기 61개 보기,,"84,770 ~ 98,000원"
155,페이크 레이어드 이너스커트 DBF1S-8010 3colors,DURAN,DBF1S-8010,2021ALL, 여 ,,,10,,,,"13,410 ~ 14,900원"
156,Spacesuit ver 7.1 [P3W],IFXY,P3W,2021F/W, 남 여 ,,,12,5,후기 3개 보기,  #21FW신상품 #스웻컬렉션 #스탠다드핏 #셋업 #스웨트팬츠 #밴딩팬츠 #트레이닝팬츠  ,"52,704 ~ 57,600원"
157,세미 와이드 헤비 쭈리  팬츠 - 블랙,GOSTREET,2021FW,2021F/W, 남 ,,,27,5,후기 2개 보기,  #조거팬츠 #밴딩팬츠 #트레이닝바지 #트레이닝팬츠 #와이드팬츠 #긴바지 #바지  ,"42,418 ~ 46,360원"
158,스퀘어 밴딩 조거팬츠 카키 YHLP2372,JEMUT,2171232,2021F/W, 남 ,,50개 미만,60,4.9,후기 64개 보기,  #조거바지 #조거 #팬츠 #스웻팬츠 #카고팬츠 #조거팬츠 #긴바지  ,"31,201 ~ 34,100원"
159,PIGWASHING PANTS(BEIGE),DAYDARE,21DYTOP01,2021F/W, 남 ,,,2,,,  #츄리닝바지 #조거팬츠 #트레이닝바지 #스웨트팬츠 #조거바지 #스웻팬츠 #트레이닝팬츠  ,"28,548 ~ 31,200원"
160,아치 로고 조거팬츠,HDEX,003,2021F/W, 남 ,,50개 미만,41,4.9,후기 7개 보기,  #트레이닝팬츠 #팬츠 #조거팬츠 #조거바지 #바지  ,"56,000원"
161,크리미 플리스 와이드 팬츠 ʙ [크림 블랙],BIIBII,BIIPTAW0279,2021F/W, 여 ,,,36,4,후기 1개 보기,  #트레이닝바지 #밴딩팬츠 #조거팬츠 #셋업 #트랙팬츠 #타이다이 #카모  ,"29,280 ~ 32,000원"
162,가먼트 워시드 시그니처 로고 조거팬츠,HDEX,003,2021F/W, 남 ,,,13,5,후기 1개 보기,  #조거팬츠 #조거 #팬츠 #조거바지 #바지  ,"60,000원"
163,PALE BLUE DOT SWEAT PANTS IVORY,ogarp,21PT003IV,2021F/W, 남 ,,,25,5,후기 4개 보기,  #스웻팬츠 #스웨트팬츠 #조거팬츠 #트레이닝 #바지 #밴딩팬츠 #셋업  ,"26,992 ~ 29,500원"
164,Baby Sports Club Sweat Pants (Beige),CALL ME BABY,cmb21fw22,2021F/W, 여 ,,,18,,,  #트레이닝팬츠 #트레이닝바지 #트레이닝 #스웻팬츠 #스웨트팬츠 #조거팬츠  ,"81,435 ~ 89,000원"
165,(21FW) DNA 모노그램 테이프 트랙 팬츠 핑크,NERDY,PNES21KB2009,2021F/W, 남 ,200회 이상,,44,,,  #트레이닝 #셋업 #트레이닝세트 #트레이닝바지 #트랙팬츠 #트레이닝셋업 #트레이닝팬츠  ,"48,861 ~ 53,400원"
166,조거핏 사이드 라인 트레이닝 팬츠 CHARCOAL (LL6PU180-075),DISTN9NE,LL6PU180-075,2020F/W, 남 ,100회 이상,,66,4.9,후기 8개 보기,  #밴딩팬츠 #트레이닝팬츠 #조거팬츠 #트레이닝바지 #조거 #로고 #팬츠  ,"18,208 ~ 19,900원"
167,오리지널 C/P 조거 팬츠(W)MN-X552,PROSPECS,PW3MN20X552,2020F/W, 남 ,,,15,5,후기 1개 보기,,"63,200원"
168,폴로 스포츠 플리스 조거 팬츠 - 그린,POLO RALPH LAUREN,MNPOPNT1BQ20067-300,2020F/W, 남 ,100회 이상,,38,,,  #폴로팬츠 #폴로조거팬츠 #조거팬츠 #SEASONOFF #POLOSPORT  ,"101,839 ~ 111,300원"
169,Skate Track Pants -Black-,SLOWPOKE,S0A-226-1,2020F/W, 남 ,,,11,,,  #롱 #와이드 #스포츠 #밴딩팬츠 #트레이닝팬츠 #트랙팬츠 #츄리닝  ,"59,841 ~ 65,400원"
170,엠엘 프리미엄 스판 조거 팬츠 [BLACK],THEMILE,2020FW05,2020F/W, 남 ,100회 이상,,27,5,후기 8개 보기,  #조거팬츠 #밴딩팬츠 #트레이닝바지 #조거 #팬츠  ,"40,320 ~ 42,000원"
171,시보리 조거 팬츠 베이지,GOSTREET,2020FW-PT-01,2020F/W, 남 ,,,26,,,  #바지 #조거팬츠 #팬츠 #밴딩팬츠  ,"36,508 ~ 39,900원"
172,싱글 셋업 디테일 팬츠,NEW WAVE BOYS,NWF20-WP118,2020F/W, 남 ,,,11,,,  #조거 #바지 #조거팬츠 #팬츠 #셋업팬츠 #스트링팬츠 #밴딩팬츠  ,"613,050 ~ 670,000원"
173,KEIL ZIPPER JOGGER PANTS MARBLE WHITE,STIGMA,20STJP26,2020F/W, 남 ,,,40,5,후기 7개 보기,  #조거 #조거팬츠 #밴딩팬츠  ,"63,135 ~ 69,000원"
174,남자여자 배기핏 조거팬츠 블랙,DEMARC,20FWPT01BK,2020F/W, 남 ,,,16,5,후기 2개 보기,  #트레이닝바지 #조거팬츠 #트레이닝팬츠 #조거 #밴딩팬츠  ,"64,965 ~ 71,000원"
175,코스모 트레이닝 팬츠 (그레이),BLACKMAMBA,21ss_Pants_01,2021S/S, 남 ,,,22,5,후기 1개 보기,  #트레이닝팬츠 #트레이닝바지 #트레이닝 #밴딩팬츠 #조거팬츠  ,"62,952 ~ 68,800원"
176,코스모 트레이닝 팬츠 (블랙),BLACKMAMBA,21ss_Pants_02,2021S/S, 남 ,,,21,5,후기 1개 보기,  #트레이닝팬츠 #트레이닝바지 #트레이닝 #밴딩팬츠 #조거팬츠  ,"62,952 ~ 68,800원"
177,Nylon Hidden Cargo Pants (CHARCOAL),OVERCAST,OBP12L011,2021S/S, 남 ,600회 이상,,34,4.5,후기 4개 보기,,"69,814 ~ 76,300원"
178,Rib Wide String Banding Pants - Black,MAYNOV1722,M-MT1020,2021S/S, 남 ,200회 이상,,49,5,후기 4개 보기,  #트랙팬츠 #팬츠 #바지 #밴딩팬츠 #트레이닝세트 #조거팬츠 #조거  ,"39,936 ~ 41,600원"
179,gurkha jogger pants (brown),URON,U21PT004,2021S/S, 여 ,400회 이상,,12,5,후기 1개 보기,  #조거 #조거팬츠 #바지 #팬츠 #구르카팬츠  ,"87,291 ~ 95,400원"
180,테이퍼드 남성 카고조거팬츠 (D/GREY),DISCOVERY EXPEDITION,DMPT31021-GRD,2022S/S, 남 ,,,2,4.7,후기 7개 보기,  #디스커버리 #카고팬츠 #조거팬츠 #카고조거팬츠 #트레이닝 #트레이닝자켓 #여성트레이닝 #22S/S신상품  ,"86,043 ~ 90,300원"
181,아치 로고 스웨트 팬츠 MELANGE GREY (LM6PU175-097),PENDULUM,LM6PU175-097,2022S/S, 남 ,,,16,5,후기 2개 보기,  #트레이닝팬츠 #조거팬츠 #밴딩팬츠 #트레이닝 #츄리닝 #팬츠 #스웻팬츠  ,"29,188 ~ 31,900원"
182,CHMPS 바람막이 팬츠 네이비 CETCMTP06NA,BORN CHAMPS,CETCMTP06NA,2021S/S, 남 ,500회 이상,,146,4.8,후기 58개 보기,  #카고조거팬츠 #밴딩팬츠 #트레이닝팬츠 #츄리닝 #팬츠 #조거팬츠 #셋업  ,"50,508 ~ 55,200원"
183,FLIGHT 조거 팬츠 Gray,CRITIC,CTTOPPT04UC0,2021S/S, 남 ,100회 이상,,61,5,후기 4개 보기,  #스트릿 #오버핏 #루즈핏 #조거팬츠 #팬츠 #바지 #트레이닝팬츠 #21S/S컬렉션  ,"70,800원"
184,FLIGHT 조거 팬츠 Black,CRITIC,CTTOPPT04UC6,2021S/S, 남 ,300회 이상,,91,5,후기 4개 보기,  #스트릿 #오버핏 #루즈핏 #조거팬츠 #팬츠 #바지 #트레이닝팬츠 #21S/S컬렉션  ,"70,800원"
185,oblique line 멀티 스트랩 벨크로 카고조거 Vintage Grey,SEVENSELAH,WSJMSVVG,300회이상, 남 ,300회 이상,,34,4.8,후기 12개 보기,  #팬츠 #조거팬츠 #바지 #트랙팬츠 #조거  ,"97,000원"
186,SA 테크 포켓 조거 팬츠,SMITH ARMOR,18fw_p1,2018F/W, 남 ,,,11,4,후기 2개 보기,  #조거팬츠 #카고조거팬츠 #테크웨어 #테크팬츠  ,"65,880 ~ 72,000원"
187,CORDUROY PANTS - GY,OY,CORDUROY PANTS - GY,2018F/W, 남 ,,,37,5,후기 3개 보기,  #오와이 #조거팬츠 #코듀로이 #코듀로이팬츠 #OY  ,"78,690 ~ 86,000원"
188,백포켓 트레이닝팬츠 파랑 KHLP6113,PUNCHLINE,1723086,2019S/S, 남 ,,,8,4.9,후기 25개 보기,  #루즈핏팬츠 #트레이닝 #트레이닝바지 #트레이닝팬츠 #팬츠  ,"25,400원"
189,셔링 디테일 조거 팬츠,A;UFSTAND,aup4003,2019S/S, 남 ,,,21,,,  #조거팬츠 #팬츠  ,"125,355 ~ 137,000원"
190,옆선 테이핑 조거 트랙팬츠,BEMIGHTY,BCS-PU22,2019S/S, 남 ,,,23,4.7,후기 3개 보기,,"44,835 ~ 49,000원"
191,카모 드롭 크로치 조거,HYPER DENIM,HD106,2019S/S, 남 ,200회 이상,,32,4.2,후기 13개 보기,,"18,900원"
192,LINEN VELCRO CARGO JOGGER PANTS BLUE 린넨 벨크로 카고조거팬츠 블루,LAUL,LAUL-309,2019S/S, 남 ,100회 이상,,36,5,후기 1개 보기,  #린넨조거 #린넨카고 #벨크로카고 #카고조거  ,"113,643 ~ 124,200원"
193,유니섹스 밴딩 프리미엄 워싱 면 트레이닝 조거팬츠_딥블루,ACHO,P 2001,2020S/S, 여 ,200회 이상,,55,5,후기 1개 보기,  #남자조거팬츠 #딥블루조거팬츠 #면 #여자조거팬츠 #조거팬츠 #커플조거팬츠 #트레이닝  ,"27,267 ~ 29,800원"
194,Utility Cargo Pants - Black,LORES,LOR20SXPT0002BK,2020S/S, 남 ,,,40,5,후기 1개 보기,  #바지 #PANTS  ,"44,881 ~ 49,050원"
195,LINEN CARGO JOGGER (SAND BEIGE),VERYVAIN,vvain_386,2020S/S, 남 ,,,20,5,후기 3개 보기,  #린넨 #조거 #트레이닝 #팬츠  ,"44,455 ~ 46,550원"
196,1ST CAMO STRETCH TRACK PANTS,BAPE,BP2007259,, 남 ,,,7,,,,"498,000원"
197,와이드 하이웨스트 트레이닝 트랙팬츠 블랙,AVAN,Al-009,2020S/S, 여 ,,,20,,,  #시원한여름바지 #여름와이드팬츠 #와이드밴딩팬츠 #타이다이팬츠 #트레이닝팬츠 #편한바지 #하이웨스트와이드팬츠  ,"50,325 ~ 55,000원"
198,백바택 포인트 코팅스트랩 조거팬츠 크림,SAINTCREW,BB-303J,ALLALL, 남 ,100회 이상,,47,5,후기 4개 보기,  #바지 #조거 #조거바지 #조거팬츠 #크림 #크림팬츠 #팬츠  ,"57,120 ~ 59,500원"
199,RC pocket jogger pants (cobalt blue),REPLAY CONTAINER,52,2019F/W, 남 ,,,17,,,  #리컨 #리컨테이너 #조거  ,"29,280 ~ 32,000원"
200,rk hanbok se pants black 와이드 팬츠,REIKU,RK_P02,2019F/W, 남 ,,,48,5,후기 2개 보기,  #와이드팬츠 #통바지 #트레이닝 #한복 #셋업  ,"52,155 ~ 57,000원"
201,사이드 배색 레터링 나염 레드 라인 조거팬츠[BLACK],BAUST,BMBT-19002BK,2019F/W, 여 ,,,26,3.7,후기 3개 보기,  #조거 #조거팬츠 #트랙팬츠 #트레이닝팬츠 #트레이닝바지 #힙합 #애슬레저룩  ,"53,070 ~ 58,000원"
202,sj 린넨 조거팬츠 레드,CHOOMSUN,bt002,2020S/S, 여 ,,,28,,,  #댄스바지 #여자바지 #조거팬츠 #트렉팬츠  ,"44,835 ~ 49,000원"
203,투톤 카고 조거 팬츠 블랙,LIBERTENG,2025,2020S/S, 남 ,,,31,4,후기 2개 보기,  #바지 #조거 #조거카고 #카고조거팬츠 #트랙팬츠 #팬츠  ,"37,920 ~ 39,500원"
204,사이드 테잎 카고 조거 팬츠 챠콜,MSKN2ND,M19CPT-001-CC,2019F/W, 남 ,,,34,4,후기 1개 보기,  #밴딩팬츠 #죠거팬츠 #트레이닝팬츠  ,"54,087 ~ 59,600원"
205,이지 스판 조거 차콜,TRMARK,EASY SPAN JOGGER CHARCOAL,2020S/S, 남 ,,,21,3.5,후기 2개 보기,  #바지 #스판 #여름조거 #조거 #조거팬츠  ,"51,900원"
206,남성 오리진 스냅 팬츠(블랙)_EK2MHSP739,ELLESSE,1150282,2020S/S, 남 ,,,3,,,,"30,178 ~ 31,600원"
207,벨티드 조거 팬츠 (미드나잇카키),BEBUMS,BMS-03007-KHK,2020S/S, 남 ,,,8,,,,"85,680 ~ 89,250원"
208,TRACK PANTS_GREY,GOZER,GOZER20SF066,2020S/S, 남 ,200회 이상,,37,,,  #트랙팬츠  ,"90,585 ~ 99,000원"
209,BIG LOGO EMBO PANTS FOR MEN DARK RED,ACME DE LA VIE,ADLV-20SS-PTSMBE-DRD,2020S/S, 남 ,,,100,4.5,후기 2개 보기,  #바지 #조거팬츠  ,"90,585 ~ 99,000원"
210,시어서커 조거 팬츠,REVOIRSIS,RESORT20PT8W,2020S/S, 여 ,,,19,,,  #조거팬츠 #시어서커조거팬츠 #루즈핏팬츠 #라운지룩  ,"138,165 ~ 151,000원"
211,쁘띠 조거 팬츠,SWITCH123,SUF2PT52SB,2020F/W, 여 ,100회 이상,,47,5,후기 2개 보기,,"31,567 ~ 34,500원"
212,GLW 트레이닝 스트링 팬츠  블랙,GLW,1323666,2021F/W, 남 ,200회 이상,,44,4.5,후기 8개 보기,  #트레이닝팬츠 #스트링 #아노락 #츄리닝 #카고바지 #트레이닝세트 #츄리닝세트  ,"35,868 ~ 39,200원"
213,Tech Logo Jogger Pants_Cream,KARAWAY,k-pf-01,2019F/W, 남 ,,,17,,,  #조거팬츠 #트레이닝  ,"43,900원"
214,Basrak Jogger Pants (L.Beige),BRUMAN,20ss302LB,2020S/S, 남 ,400회 이상,,25,4.3,후기 4개 보기,  #이지팬츠 #조거팬츠 #코튼팬츠  ,"56,160 ~ 58,500원"
215,그레노블 로고 2A60040 5399D 999 남자 트랙 팬츠,MONCLER,2A60040 5399D 999,병행수입, 남 ,,,3,,,  #럭스보이 #위즈컴퍼니  ,"320,000원"
216,[Easy Zipup] 여성 트레이닝 세트 하의 블랙 (BX0921R235),BROOKS,BX0921R235,2020ALL, 여 ,,,8,,,  #BX0921R235 #바지단품  ,"40,050 ~ 44,500원"
217,POCKET DETAIL SWEATPANTS - CHARCOAL,I AM NOT A HUMAN BEING,H2B9035,2020F/W, 남 ,200회 이상,,28,4.9,후기 14개 보기,  #트레이닝바지 #트레이닝팬츠 #바지 #팬츠 #데일리 #카고조거팬츠 #무지  ,"68,625 ~ 75,000원"
218,스티치자수 플리스 팬츠 (브라운),SLOW ACID,20FW-P3-BN,2020F/W, 남 ,,,100,4.7,후기 19개 보기,  #세미와이드 #와이드 #트레이닝세트 #밴딩팬츠 #플리스 #바지 #일자  ,"29,737 ~ 32,500원"
219,워싱 코튼 와이드 스트링팬츠 (잔가지 그레이),SLOW ACID,20FW-P4-GY,2020F/W, 남 ,,,68,4.1,후기 8개 보기,  #와이드 #일자 #팬츠 #밴딩팬츠  ,"35,685 ~ 39,000원"
220,Basic Jogger Pants White Lettering - Black,RA_ON,00014,2020F/W, 여 ,,,8,,,  #조거팬츠 #조거 #캐주얼팬츠 #밴딩팬츠 #바지 #팬츠 #카고조거  ,"72,285 ~ 79,000원"
221,[Easy Zipup] 여성 기모 트레이닝 세트 조거형 하의 블랙 (BX0X21S235),BROOKS,BX0X21S235,2020F/W, 여 ,,,9,,,  #BX0X21S235 #바지  ,"43,521 ~ 53,400원"
222,Pattern Jogger Pants,THE GREATEST,GT20FW10,2020F/W, 남 ,,,22,5,후기 1개 보기,  #트레이닝 #트랙팬츠 #조거 #조거팬츠 #밴딩팬츠 #트레이닝팬츠 #트레이닝바지  ,"66,795 ~ 73,000원"
223,[UNISEX] 세미와이드 카고조거 슬랙스_라이트그레이,THAT'S IT,200107,2020F/W, 남 ,400회 이상,50개 미만,173,4.6,후기 31개 보기,  #조거팬츠 #카고팬츠 #트랙팬츠 #조거 #조거슬랙스 #카고조거  ,"28,554 ~ 29,900원"
224,LEATHER PATCH STRING JOGGER PANTS,COMFY,m1037_479509,2020F/W, 여 ,,,7,,,  #팬츠 #바지 #조거팬츠 #하의 #가죽 #레더  ,"93,696 ~ 102,400원"
225,오리엔탈 조거팬츠 레귤러핏 카키,SAINTCREW,OT-307J,ALLALL, 남 ,100회 이상,,16,4.6,후기 28개 보기,  #조거 #밴딩팬츠 #바지 #팬츠 #캐주얼팬츠 #조거팬츠  ,"44,377 ~ 48,500원"
226,MONOGRAM LOUNGE PANTS (BLACK),INPREP,IPFW21PT02,2021F/W, 여 ,,,165,5,후기 2개 보기,  #트레이닝팬츠 #스웨트팬츠 #바지 #트레이닝바지 #팬츠 #루즈핏 #밴딩팬츠  ,"72,285 ~ 79,000원"
227,[UNISEX] KNIT WAFFLE WIDE PT_WHITEGRAY,SEARCH410,20210030401,2021F/W, 여 ,,,129,4.4,후기 14개 보기,  #팬츠 #스웻팬츠 #트레이닝바지 #스웨트팬츠 #와플 #와플팬츠 #와이드팬츠 #와이드  ,"60,939 ~ 66,600원"
228,multy pocket pants khaki,UNIFORM BRIDGE,UB-2746,2021F/W, 남 ,900회 이상,50개 이상,342,4.7,후기 61개 보기,,"84,770 ~ 98,000원"
229,페이크 레이어드 이너스커트 DBF1S-8010 3colors,DURAN,DBF1S-8010,2021ALL, 여 ,,,10,,,,"13,410 ~ 14,900원"
230,Spacesuit ver 7.1 [P3W],IFXY,P3W,2021F/W, 남 여 ,,,12,5,후기 3개 보기,  #21FW신상품 #스웻컬렉션 #스탠다드핏 #셋업 #스웨트팬츠 #밴딩팬츠 #트레이닝팬츠  ,"52,704 ~ 57,600원"
231,세미 와이드 헤비 쭈리  팬츠 - 블랙,GOSTREET,2021FW,2021F/W, 남 ,,,27,5,후기 2개 보기,  #조거팬츠 #밴딩팬츠 #트레이닝바지 #트레이닝팬츠 #와이드팬츠 #긴바지 #바지  ,"42,418 ~ 46,360원"
232,스퀘어 밴딩 조거팬츠 카키 YHLP2372,JEMUT,2171232,2021F/W, 남 ,,50개 미만,60,4.9,후기 64개 보기,  #조거바지 #조거 #팬츠 #스웻팬츠 #카고팬츠 #조거팬츠 #긴바지  ,"31,201 ~ 34,100원"
233,PIGWASHING PANTS(BEIGE),DAYDARE,21DYTOP01,2021F/W, 남 ,,,2,,,  #츄리닝바지 #조거팬츠 #트레이닝바지 #스웨트팬츠 #조거바지 #스웻팬츠 #트레이닝팬츠  ,"28,548 ~ 31,200원"
234,아치 로고 조거팬츠,HDEX,003,2021F/W, 남 ,,50개 미만,41,4.9,후기 7개 보기,  #트레이닝팬츠 #팬츠 #조거팬츠 #조거바지 #바지  ,"56,000원"
235,크리미 플리스 와이드 팬츠 ʙ [크림 블랙],BIIBII,BIIPTAW0279,2021F/W, 여 ,,,36,4,후기 1개 보기,  #트레이닝바지 #밴딩팬츠 #조거팬츠 #셋업 #트랙팬츠 #타이다이 #카모  ,"29,280 ~ 32,000원"
236,가먼트 워시드 시그니처 로고 조거팬츠,HDEX,003,2021F/W, 남 ,,,13,5,후기 1개 보기,  #조거팬츠 #조거 #팬츠 #조거바지 #바지  ,"60,000원"
237,PALE BLUE DOT SWEAT PANTS IVORY,ogarp,21PT003IV,2021F/W, 남 ,,,25,5,후기 4개 보기,  #스웻팬츠 #스웨트팬츠 #조거팬츠 #트레이닝 #바지 #밴딩팬츠 #셋업  ,"26,992 ~ 29,500원"
238,Baby Sports Club Sweat Pants (Beige),CALL ME BABY,cmb21fw22,2021F/W, 여 ,,,18,,,  #트레이닝팬츠 #트레이닝바지 #트레이닝 #스웻팬츠 #스웨트팬츠 #조거팬츠  ,"81,435 ~ 89,000원"
239,(21FW) DNA 모노그램 테이프 트랙 팬츠 핑크,NERDY,PNES21KB2009,2021F/W, 남 ,200회 이상,,44,,,  #트레이닝 #셋업 #트레이닝세트 #트레이닝바지 #트랙팬츠 #트레이닝셋업 #트레이닝팬츠  ,"48,861 ~ 53,400원"
240,조거핏 사이드 라인 트레이닝 팬츠 CHARCOAL (LL6PU180-075),DISTN9NE,LL6PU180-075,2020F/W, 남 ,100회 이상,,66,4.9,후기 8개 보기,  #밴딩팬츠 #트레이닝팬츠 #조거팬츠 #트레이닝바지 #조거 #로고 #팬츠  ,"18,208 ~ 19,900원"
241,오리지널 C/P 조거 팬츠(W)MN-X552,PROSPECS,PW3MN20X552,2020F/W, 남 ,,,15,5,후기 1개 보기,,"63,200원"
242,폴로 스포츠 플리스 조거 팬츠 - 그린,POLO RALPH LAUREN,MNPOPNT1BQ20067-300,2020F/W, 남 ,100회 이상,,38,,,  #폴로팬츠 #폴로조거팬츠 #조거팬츠 #SEASONOFF #POLOSPORT  ,"101,839 ~ 111,300원"
243,Skate Track Pants -Black-,SLOWPOKE,S0A-226-1,2020F/W, 남 ,,,11,,,  #롱 #와이드 #스포츠 #밴딩팬츠 #트레이닝팬츠 #트랙팬츠 #츄리닝  ,"59,841 ~ 65,400원"
244,엠엘 프리미엄 스판 조거 팬츠 [BLACK],THEMILE,2020FW05,2020F/W, 남 ,100회 이상,,27,5,후기 8개 보기,  #조거팬츠 #밴딩팬츠 #트레이닝바지 #조거 #팬츠  ,"40,320 ~ 42,000원"
245,시보리 조거 팬츠 베이지,GOSTREET,2020FW-PT-01,2020F/W, 남 ,,,26,,,  #바지 #조거팬츠 #팬츠 #밴딩팬츠  ,"36,508 ~ 39,900원"
246,싱글 셋업 디테일 팬츠,NEW WAVE BOYS,NWF20-WP118,2020F/W, 남 ,,,11,,,  #조거 #바지 #조거팬츠 #팬츠 #셋업팬츠 #스트링팬츠 #밴딩팬츠  ,"613,050 ~ 670,000원"
247,KEIL ZIPPER JOGGER PANTS MARBLE WHITE,STIGMA,20STJP26,2020F/W, 남 ,,,40,5,후기 7개 보기,  #조거 #조거팬츠 #밴딩팬츠  ,"63,135 ~ 69,000원"
248,남자여자 배기핏 조거팬츠 블랙,DEMARC,20FWPT01BK,2020F/W, 남 ,,,16,5,후기 2개 보기,  #트레이닝바지 #조거팬츠 #트레이닝팬츠 #조거 #밴딩팬츠  ,"64,965 ~ 71,000원"
249,코스모 트레이닝 팬츠 (그레이),BLACKMAMBA,21ss_Pants_01,2021S/S, 남 ,,,22,5,후기 1개 보기,  #트레이닝팬츠 #트레이닝바지 #트레이닝 #밴딩팬츠 #조거팬츠  ,"62,952 ~ 68,800원"
250,코스모 트레이닝 팬츠 (블랙),BLACKMAMBA,21ss_Pants_02,2021S/S, 남 ,,,21,5,후기 1개 보기,  #트레이닝팬츠 #트레이닝바지 #트레이닝 #밴딩팬츠 #조거팬츠  ,"62,952 ~ 68,800원"
251,Nylon Hidden Cargo Pants (CHARCOAL),OVERCAST,OBP12L011,2021S/S, 남 ,600회 이상,,34,4.5,후기 4개 보기,,"69,814 ~ 76,300원"
252,Rib Wide String Banding Pants - Black,MAYNOV1722,M-MT1020,2021S/S, 남 ,200회 이상,,49,5,후기 4개 보기,  #트랙팬츠 #팬츠 #바지 #밴딩팬츠 #트레이닝세트 #조거팬츠 #조거  ,"39,936 ~ 41,600원"
253,gurkha jogger pants (brown),URON,U21PT004,2021S/S, 여 ,400회 이상,,12,5,후기 1개 보기,  #조거 #조거팬츠 #바지 #팬츠 #구르카팬츠  ,"87,291 ~ 95,400원"
254,리플렉션 트랙 스웨트 팬츠(UNISEX)_UTP-FP20,UNTAGE,UTP-FP20,2021S/S, 남 ,,,5,,,  #트레이닝팬츠 #트레이닝 #츄리닝 #스웨트팬츠 #스웻팬츠 #트랙팬츠 #조거팬츠  ,"105,225 ~ 115,000원"
255,CHILLLL PANTS - BLUE,APARTMENT,CHILLLL PANTS - BLUE,2021S/S, 남 ,200회 이상,50개 미만,148,4.8,후기 4개 보기,  #긴바지 #바지 #팬츠  ,"18,208 ~ 19,900원"
256,롱바케. 인 플로리다 스웻 팬츠 (멜란지 그레이),LONG VACATION,2,2021S/S, 남 ,,,33,,,,"108,885 ~ 119,000원"
257,레귤러/트랙화섬PT,SWITCH123,SVS3PT01GY,2021S/S, 남 ,,,7,,,,"65,331 ~ 71,400원"
258,COATING JOGGER PANTS (NAVY),MELANGELAB,ML11-LP14NY,2021S/S, 남 ,200회 이상,,13,5,후기 1개 보기,  #조거 #조거팬츠 #스웨트팬츠 #스웻팬츠 #21S/S컬렉션 #점프수트 #데님팬츠  ,"136,335 ~ 149,000원"
259,에어도트 조거팬츠 [뉴스탠다드]_M214MPT395M,T.I FOR MEN,M214MPT395M,2021S/S, 남 ,,,0,,,,"76,311 ~ 83,400원"
260,이피션 베이직 와이드 트레이닝 팬츠 (2컬러),TAILOR STUDIO,TJHBT22,2021S/S, 남 ,300회 이상,,39,,,  #팬츠 #밴딩팬츠 #트레이닝바지 #츄리닝 #트레이닝팬츠 #트레이닝 #캐주얼  ,"23,904 ~ 24,900원"
261,CP-778 잭 와이드 카고 조거 팬츠_KH,HALBKREIS,CP-778_KH,2021S/S, 남 ,800회 이상,,32,5,후기 5개 보기,  #팬츠 #조거 #조거팬츠 #카고팬츠 #카고바지 #와이드팬츠 #와이드  ,"63,135 ~ 69,000원"
262,GROUND JOGGER PANTS coral,GAC,21SSPT01RE,2021S/S, 남 ,,,37,3.5,후기 4개 보기,  #스웻팬츠 #조거팬츠 #트레이닝팬츠 #스웨트팬츠 #츄리닝 #밴딩팬츠 #조거  ,"37,881 ~ 41,400원"
263,남성 아웃포켓 우븐 조거팬츠-AAAK2212B03,CHASECULT,AAAK2212B03,2021S/S, 남 ,,,10,,,,"47,904 ~ 49,900원"
264,유니섹스 아노락  카고 조거팬츠 그라데이션 베이지,AREN,유니섹스 아노락 카고 조거팬츠 그라데이션 베이지,2021S/S, 남 ,,,37,,,  #트레이닝 #조거팬츠 #트레이닝세트 #트레이닝팬츠 #밴딩팬츠 #셋업 #트레이닝바지  ,"50,325 ~ 55,000원"
265,유니섹스 아노락 카고 조거팬츠 그라데이션 그레이,AREN,유니섹스 아노락 카고 조거팬츠 그라데이션 그레이,2021S/S, 남 ,,,83,,,  #트레이닝팬츠 #조거팬츠 #트레이닝 #트레이닝세트 #밴딩팬츠 #셋업 #트레이닝바지  ,"50,325 ~ 55,000원"
266,여성용 사이드 지퍼 트랙팬츠,TAKEFORM,P00000YZ,2021ALL, 여 ,,,2,,,  #슬림핏 #트레이닝팬츠 #트레이닝바지 #여자팬츠 #트레이닝복 #츄리닝바지  ,"35,100 ~ 39,000원"
267,코튼 조거팬츠 (블랙),RHEA ROCKIN,RR20FW15,2020F/W, 남 ,,,4,,,,"63,135 ~ 69,000원"
268,Terry Snap Pants - Heather Gray,LORES,LOR21SXPT0001HG,2021S/S, 남 ,300회 이상,,75,5,후기 1개 보기,  #스웻팬츠 #스웨트팬츠 #밴딩팬츠  ,"40,717 ~ 44,500원"
269,GARMENT DYED SWEATPANTS,DOMINANS STRAVAN,DSV21BSSP01,2021S/S, 남 ,,,10,5,후기 1개 보기,  #가먼트다잉 #사이드집업 #피그먼트 #트레이닝셋업 #조거팬츠 #밴딩팬츠 #로고자수볼캡  ,"107,970 ~ 118,000원"
